Gene,Allele,n
DQA1,DQA1*03:01:01,5
DQB1,DQB1*03:02:01,5
C,C*04:01:01,4
DQB1,DQB1*03:01:01,4
A,A*11:01:01,3
A,A*24:02:01,3
DQA1,DQA1*04:01:01,3
DQA1,DQA1*05:05:01,3
DQB1,DQB1*04:02:01,3
DRB1,DRB1*04:07:01,3
DRB1,DRB1*11:04:01,3
A,A*02:01:01,2
A,A*31:01:02,2
B,B*35:12:01,2
B,B*39:08,2
C,C*01:02:01,2
C,C*07:01:01,2
C,C*07:02:01,2
DRB1,DRB1*08:02:01,2
A,A*01:01:01,1
A,A*02:844,1
A,A*26:01:01,1
A,A*68:01:02,1
B,B*07:05:01,1
B,B*08:01:01,1
B,B*15:01:01,1
B,B*18:01:01,1
B,B*35:01:01,1
B,B*35:02:01,1
B,B*35:43:01,1
B,B*38:01:01,1
B,B*40:02:01,1
B,B*52:01:01,1
C,C*03:05:01,1
C,C*12:02:02,1
C,C*12:03:01,1
C,C*15:05:02,1
DQA1,DQA1*01:02:01,1
DQA1,DQA1*03:03:01,1
DQA1,DQA1*05:03:01,1
DQB1,DQB1*04:02:05,1
DQB1,DQB1*05:01:01,1
DRB1,DRB1*04:01:01,1
DRB1,DRB1*04:02:01,1
DRB1,DRB1*04:11:01,1
DRB1,DRB1*08:01:01,1
DRB1,DRB1*14:02:01,1
DRB1,DRB1*15:01:01,1
