Sample,Gene,Allele1,Allele2,Genotype
Manthiram_T101_S40,A,A*24:02:01,A*11:01:01,A*24:02:01 / A*11:01:01
Manthiram_T101_S40,B,B*07:05:01,B*15:01:01,B*07:05:01 / B*15:01:01
Manthiram_T101_S40,C,C*15:05:02,C*01:02:01,C*15:05:02 / C*01:02:01
Manthiram_T101_S40,DQA1,DQA1*03:01:01,DQA1*05:05:01,DQA1*03:01:01 / DQA1*05:05:01
Manthiram_T101_S40,DQB1,DQB1*03:01:01,DQB1*03:02:01,DQB1*03:01:01 / DQB1*03:02:01
Manthiram_T101_S40,DRB1,DRB1*04:07:01,DRB1*11:04:01,DRB1*04:07:01 / DRB1*11:04:01
Manthiram_T103_S41,A,A*24:02:01,A*68:01:02,A*24:02:01 / A*68:01:02
Manthiram_T103_S41,B,B*39:08,B*35:12:01,B*39:08 / B*35:12:01
Manthiram_T103_S41,C,C*04:01:01,C*07:02:01,C*04:01:01 / C*07:02:01
Manthiram_T103_S41,DQA1,DQA1*04:01:01,DQA1*04:01:01,DQA1*04:01:01 / DQA1*04:01:01
Manthiram_T103_S41,DQB1,DQB1*04:02:01,DQB1*04:02:05,DQB1*04:02:01 / DQB1*04:02:05
Manthiram_T103_S41,DRB1,DRB1*08:02:01,DRB1*08:02:01,DRB1*08:02:01 / DRB1*08:02:01
Manthiram_T10_S39,A,A*01:01:01,A*02:01:01,A*01:01:01 / A*02:01:01
Manthiram_T10_S39,B,B*08:01:01,B*35:02:01,B*08:01:01 / B*35:02:01
Manthiram_T10_S39,C,C*04:01:01,C*07:01:01,C*04:01:01 / C*07:01:01
Manthiram_T10_S39,DQA1,DQA1*04:01:01,DQA1*05:05:01,DQA1*04:01:01 / DQA1*05:05:01
Manthiram_T10_S39,DQB1,DQB1*03:01:01,DQB1*04:02:01,DQB1*03:01:01 / DQB1*04:02:01
Manthiram_T10_S39,DRB1,DRB1*11:04:01,DRB1*08:01:01,DRB1*11:04:01 / DRB1*08:01:01
Manthiram_T126_S42,A,A*02:01:01,A*11:01:01,A*02:01:01 / A*11:01:01
Manthiram_T126_S42,B,B*35:12:01,B*52:01:01,B*35:12:01 / B*52:01:01
Manthiram_T126_S42,C,C*04:01:01,C*12:02:02,C*04:01:01 / C*12:02:02
Manthiram_T126_S42,DQA1,DQA1*03:01:01,DQA1*01:02:01,DQA1*03:01:01 / DQA1*01:02:01
Manthiram_T126_S42,DQB1,DQB1*03:02:01,DQB1*05:01:01,DQB1*03:02:01 / DQB1*05:01:01
Manthiram_T126_S42,DRB1,DRB1*04:07:01,DRB1*15:01:01,DRB1*04:07:01 / DRB1*15:01:01
Manthiram_T133_S43,A,A*26:01:01,A*24:02:01,A*26:01:01 / A*24:02:01
Manthiram_T133_S43,B,B*38:01:01,B*18:01:01,B*38:01:01 / B*18:01:01
Manthiram_T133_S43,C,C*07:01:01,C*12:03:01,C*07:01:01 / C*12:03:01
Manthiram_T133_S43,DQA1,DQA1*03:01:01,DQA1*05:05:01,DQA1*03:01:01 / DQA1*05:05:01
Manthiram_T133_S43,DQB1,DQB1*03:01:01,DQB1*03:02:01,DQB1*03:01:01 / DQB1*03:02:01
Manthiram_T133_S43,DRB1,DRB1*04:02:01,DRB1*11:04:01,DRB1*04:02:01 / DRB1*11:04:01
Manthiram_T22_S44,A,A*02:844,A*31:01:02,A*02:844 / A*31:01:02
Manthiram_T22_S44,B,B*39:08,B*35:43:01,B*39:08 / B*35:43:01
Manthiram_T22_S44,C,C*07:02:01,C*01:02:01,C*07:02:01 / C*01:02:01
Manthiram_T22_S44,DQA1,DQA1*05:03:01,DQA1*03:03:01,DQA1*05:03:01 / DQA1*03:03:01
Manthiram_T22_S44,DQB1,DQB1*04:02:01,DQB1*03:01:01,DQB1*04:02:01 / DQB1*03:01:01
Manthiram_T22_S44,DRB1,DRB1*04:11:01,DRB1*14:02:01,DRB1*04:11:01 / DRB1*14:02:01
Manthiram_T70_S45,A,A*31:01:02,A*11:01:01,A*31:01:02 / A*11:01:01
Manthiram_T70_S45,B,B*40:02:01,B*35:01:01,B*40:02:01 / B*35:01:01
Manthiram_T70_S45,C,C*04:01:01,C*03:05:01,C*04:01:01 / C*03:05:01
Manthiram_T70_S45,DQA1,DQA1*03:01:01,DQA1*03:01:01,DQA1*03:01:01 / DQA1*03:01:01
Manthiram_T70_S45,DQB1,DQB1*03:02:01,DQB1*03:02:01,DQB1*03:02:01 / DQB1*03:02:01
Manthiram_T70_S45,DRB1,DRB1*04:07:01,DRB1*04:01:01,DRB1*04:07:01 / DRB1*04:01:01
